<?xml version="1.0" encoding="UTF-8"?>
<!DOCTYPE hibernate-configuration PUBLIC "-//Hibernate/Hibernate Configuration DTD 3.0//EN" "http://hibernate.sourceforge.net/hibernate-configuration-3.0.dtd">
<hibernate-configuration>
  <session-factory>
    <property name="hibernate.connection.driver_class">org.apache.derby.jdbc.EmbeddedDriver</property>
    <property name="hibernate.connection.url">jdbc:derby:ClaveGestion_DB;</property>
    <property name="hibernate.dialect">org.hibernate.dialect.DerbyDialect</property>
    <property name="hibernate.hbm2ddl.auto">update</property>
    <mapping resource="tb/modelos/TB_Correo.hbm.xml"/>
    <mapping resource="tb/modelos/TB_RedesSociales.hbm.xml"/>
    <mapping resource="tb/modelos/TB_Banca.hbm.xml"/>
    <mapping resource="tb/modelos/TB_Datos01.hbm.xml"/>
    <mapping resource="tb/modelos/TB_Datos02.hbm.xml"/>
    <mapping resource="tb/modelos/TB_Datos03.hbm.xml"/>
    <mapping resource="tb/modelos/TB_Educacion.hbm.xml"/>
    <mapping resource="tb/modelos/TB_Hosting.hbm.xml"/>
    <mapping resource="tb/modelos/TB_Nube.hbm.xml"/>
    <mapping resource="tb/modelos/TB_Ocio.hbm.xml"/>
    <mapping resource="tb/modelos/TB_Proveedores.hbm.xml"/>
    <mapping resource="tb/modelos/TB_Sites.hbm.xml"/>
    <mapping resource="tb/modelos/TB_Tiendas.hbm.xml"/>
    <mapping resource="tb/modelos/TB_Trabajo.hbm.xml"/>
  </session-factory>
</hibernate-configuration>
