<?xml version="1.0" encoding="UTF-8"?>

<!DOCTYPE hibernate-mapping PUBLIC
  "-//Hibernate/Hibernate Mapping DTD 3.0//EN"
  "http://hibernate.sourceforge.net/hibernate-mapping-3.0.dtd">

<hibernate-mapping>

    <class name="tb.modelos.TB_Banca" table="tb_banca">
    <id column="id_banc" name="id" type="integer">
      <generator class="increment"/>
    </id>
    <property column="server_banc" name="server" type="string"/>
    <property column="url_banc" name="url" type="string"/>
	<property column="user_banc" name="user" type="string"/>
    <property column="email_banc" name="email" type="string"/>
    <property column="clave01_banc" name="clave01" type="string"/>
	<property column="clave02_banc" name="clave02" type="string"/>
	<property column="firma01_banc" name="firma01" type="string"/>
	<property column="firma02_banc" name="firma02" type="string"/>
    <property column="phone_banc" name="phone" type="string"/>
  </class>

</hibernate-mapping>
