<?xml version="1.0" encoding="UTF-8"?>
<!DOCTYPE hibernate-mapping PUBLIC "-//Hibernate/Hibernate Mapping DTD 3.0//EN" "http://hibernate.sourceforge.net/hibernate-mapping-3.0.dtd">
<hibernate-mapping>
  <class name="tb.modelos.TB_Correo" table="tb_correo">
    <id column="id_corr" name="id" type="integer">
      <generator class="increment"/>
    </id>
    <property column="name_corr" name="name" type="string"/>
    <property column="server_corr" name="server" type="string"/>
    <property column="email_corr" name="email" type="string"/>
    <property column="clave_corr" name="clave" type="string"/>
    <property column="cuentaRecup_corr" name="cuentaRecup" type="string"/>
    <property column="telfRecup_corr" name="telfRecup" type="string"/>
  </class>
</hibernate-mapping>
