<?xml version="1.0" encoding="UTF-8"?>

<!DOCTYPE hibernate-mapping PUBLIC
  "-//Hibernate/Hibernate Mapping DTD 3.0//EN"
  "http://hibernate.sourceforge.net/hibernate-mapping-3.0.dtd">

<hibernate-mapping>

    <class name="tb.modelos.TB_Datos01" table="tb_dato01">
    <id column="id_da01" name="id" type="integer">
      <generator class="increment"/>
    </id>
    <property column="campo01_da01" name="campo01" type="string"/>
    <property column="campo02_da01" name="campo02" type="string"/>
    <property column="campo03_da01" name="campo03" type="string"/>
    <property column="campo04_da01" name="campo04" type="string"/>
    <property column="campo05_da01" name="campo05" type="string"/>
    <property column="campo06_da01" name="campo06" type="string"/>
	<property column="campo07_da01" name="campo07" type="string"/>
	<property column="campo08_da01" name="campo08" type="string"/>
	<property column="campo09_da01" name="campo09" type="string"/>
	<property column="campo10_da01" name="campo10" type="string"/>
  </class>

</hibernate-mapping>
