<?xml version="1.0" encoding="UTF-8"?>

<!DOCTYPE hibernate-mapping PUBLIC
  "-//Hibernate/Hibernate Mapping DTD 3.0//EN"
  "http://hibernate.sourceforge.net/hibernate-mapping-3.0.dtd">

<hibernate-mapping>

    <class name="tb.modelos.TB_Educacion" table="tb_educacion">
    <id column="id_educ" name="id" type="integer">
      <generator class="increment"/>
    </id>
    <property column="server_educ" name="server" type="string"/>
	<property column="url_educ" name="url" type="string"/>
	<property column="user_educ" name="user" type="string"/>
    <property column="email_educ" name="email" type="string"/>
    <property column="clave_educ" name="clave" type="string"/>
	<property column="name_educ" name="name" type="string"/>
	<property column="curso_educ" name="curso" type="string"/>
    <property column="phone_educ" name="phone" type="string"/>
  </class>

</hibernate-mapping>
