<?xml version="1.0" encoding="UTF-8"?>

<!DOCTYPE hibernate-mapping PUBLIC
  "-//Hibernate/Hibernate Mapping DTD 3.0//EN"
  "http://hibernate.sourceforge.net/hibernate-mapping-3.0.dtd">

<hibernate-mapping>

    <class name="tb.modelos.TB_Hosting" table="tb_hosting">
    <id column="id_host" name="id" type="integer">
      <generator class="increment"/>
    </id>
    <property column="url_host" name="url" type="string"/>
    <property column="dominio_host" name="dominio" type="string"/>
	<property column="user_host" name="user" type="string"/>
	<property column="clave_host" name="clave" type="string"/>
    <property column="email_host" name="email" type="string"/>
    <property column="contrato_host" name="contrato" type="string"/>
    <property column="name_host" name="name" type="string"/>
	<property column="address_host" name="address" type="string"/>
    <property column="phone_host" name="phone" type="string"/>
	<property column="date_host" name="date" type="string"/>
  </class>

</hibernate-mapping>
