<?xml version="1.0" encoding="UTF-8"?>

<!DOCTYPE hibernate-mapping PUBLIC
  "-//Hibernate/Hibernate Mapping DTD 3.0//EN"
  "http://hibernate.sourceforge.net/hibernate-mapping-3.0.dtd">

<hibernate-mapping>

    <class name="tb.modelos.TB_Nube" table="tb_nube">
    <id column="id_nube" name="id" type="integer">
      <generator class="increment"/>
    </id>
	<property column="server_nube" name="server" type="string"/>
	<property column="url_nube" name="url" type="string"/>
    <property column="user_nube" name="user" type="string"/>
    <property column="email_nube" name="email" type="string"/>
    <property column="clave_nube" name="clave" type="string"/>
    <property column="phone_nube" name="phone" type="string"/>
  </class>

</hibernate-mapping>
