<?xml version="1.0" encoding="UTF-8"?>

<!DOCTYPE hibernate-mapping PUBLIC
  "-//Hibernate/Hibernate Mapping DTD 3.0//EN"
  "http://hibernate.sourceforge.net/hibernate-mapping-3.0.dtd">

<hibernate-mapping>

    <class name="tb.modelos.TB_Ocio" table="tb_ocio">
    <id column="id_oci" name="id" type="integer">
      <generator class="increment"/>
    </id>
    <property column="server_oci" name="server" type="string"/>
	<property column="url_oci" name="url" type="string"/>
	<property column="user_oci" name="user" type="string"/>
    <property column="email_oci" name="email" type="string"/>
    <property column="clave_oci" name="clave" type="string"/>
	<property column="name_oci" name="name" type="string"/>
    <property column="phone_oci" name="phone" type="string"/>
  </class>

</hibernate-mapping>
