<?xml version="1.0" encoding="UTF-8"?>

<!DOCTYPE hibernate-mapping PUBLIC
  "-//Hibernate/Hibernate Mapping DTD 3.0//EN"
  "http://hibernate.sourceforge.net/hibernate-mapping-3.0.dtd">

<hibernate-mapping>

    <class name="tb.modelos.TB_Proveedores" table="tb_proveedor">
    <id column="id_prov" name="id" type="integer">
      <generator class="increment"/>
    </id>
	<property column="server_prov" name="server" type="string"/>
	<property column="url_prov" name="url" type="string"/>
	<property column="user_prov" name="user" type="string"/>
	<property column="email_prov" name="email" type="string"/>
	<property column="clave_prov" name="clave" type="string"/>
    <property column="name_prov" name="name" type="string"/>
    <property column="address_prov" name="address" type="string"/>
	<property column="phone_prov" name="phone" type="string"/>
	<property column="date_prov" name="date" type="string"/>
  </class>

</hibernate-mapping>
