<?xml version="1.0" encoding="UTF-8"?>

<!DOCTYPE hibernate-mapping PUBLIC
  "-//Hibernate/Hibernate Mapping DTD 3.0//EN"
  "http://hibernate.sourceforge.net/hibernate-mapping-3.0.dtd">
<hibernate-mapping>
  <class name="tb.modelos.TB_RedesSociales" table="tb_redes_sociales">
    <id column="id_rede" name="id" type="integer">
      <generator class="increment"/>
    </id>
    <property column="server_corr" name="server" type="string"/>
    <property column="user_corr" name="user" type="string"/>
    <property column="email_corr" name="email" type="string"/>
    <property column="clave_corr" name="clave" type="string"/>
    <property column="phone_corr" name="phone" type="string"/>
  </class>
</hibernate-mapping>
