<?xml version="1.0" encoding="UTF-8"?>

<!DOCTYPE hibernate-mapping PUBLIC
  "-//Hibernate/Hibernate Mapping DTD 3.0//EN"
  "http://hibernate.sourceforge.net/hibernate-mapping-3.0.dtd">

<hibernate-mapping>

    <class name="tb.modelos.TB_Sites" table="tb_sites">
    <id column="id_site" name="id" type="integer">
      <generator class="increment"/>
    </id>
    <property column="url_site" name="url" type="string"/>
    <property column="urlAdmin_site" name="urlAdmin" type="string"/>
	<property column="user_site" name="user" type="string"/>
	<property column="clave_site" name="clave" type="string"/>
    <property column="email_site" name="email" type="string"/>
    <property column="privil_site" name="privil" type="string"/>
    <property column="ftp_site" name="ftp" type="string"/>
    <property column="db_site" name="db" type="string"/>
	<property column="userDB_site" name="userDB" type="string"/>
	<property column="claveDB_site" name="claveDB" type="string"/>
  </class>

</hibernate-mapping>
