<?xml version="1.0" encoding="UTF-8"?>

<!DOCTYPE hibernate-mapping PUBLIC
  "-//Hibernate/Hibernate Mapping DTD 3.0//EN"
  "http://hibernate.sourceforge.net/hibernate-mapping-3.0.dtd">

<hibernate-mapping>

    <class name="tb.modelos.TB_Trabajo" table="tb_trabajo">
    <id column="id_trab" name="id" type="integer">
      <generator class="increment"/>
    </id>
    <property column="server_trab" name="server" type="string"/>
	<property column="url_trab" name="url" type="string"/>
	<property column="user_trab" name="user" type="string"/>
	<property column="email_trab" name="email" type="string"/>
	<property column="clave_trab" name="clave" type="string"/>
    <property column="name_trab" name="name" type="string"/>
    <property column="address_trab" name="address" type="string"/>
	<property column="phone_trab" name="phone" type="string"/>
	<property column="date_trab" name="date" type="string"/>
  </class>

</hibernate-mapping>
