<?xml version="1.0" encoding="UTF-8"?>

<!DOCTYPE hibernate-mapping PUBLIC
  "-//Hibernate/Hibernate Mapping DTD 3.0//EN"
  "http://hibernate.sourceforge.net/hibernate-mapping-3.0.dtd">

<hibernate-mapping>

    <class name="tb.modelos.TB_Tiendas" table="tb_tienda">
    <id column="id_tien" name="id" type="integer">
      <generator class="increment"/>
    </id>
	<property column="server_tien" name="server" type="string"/>
    <property column="url_tien" name="url" type="string"/>
    <property column="user_tien" name="user" type="string"/>
    <property column="email_tien" name="email" type="string"/>
    <property column="clave_tien" name="clave" type="string"/>
	<property column="name_tien" name="name" type="string"/>
	<property column="address_tien" name="address" type="string"/>
    <property column="phone_tien" name="phone" type="string"/>
    <property column="date_tien" name="date" type="string"/>
  </class>

</hibernate-mapping>
